[
    {
        "id": "",
        "target": "",
        "runTime": "",
        "date": ""
    }
,
{
"id": "ruDdYMRlcpymMchTZzJFJ",
"target": "192.168.1.1",
"runTime": "0.29 seconds",
"date": "2021-02-26"
}
,
{
"id": "wzWSaCvLiFghaXkTcLxCS",
"target": "192.168.1.1",
"runTime": "0.24 seconds",
"date": "2021-02-26"
}
,
{
"id": "SCHrdbVfxQfKtIqwsPJcn",
"target": "192.168.1.1",
"runTime": "0.21 seconds",
"date": "2021-02-26"
}
,
{
"id": "fWhdMxLFQjsqmAKORTNWr",
"target": "scanme.nmap.org",
"runTime": "2186.14 seconds",
"date": "2021-02-26"
}
,
{
"id": "atZeZzZzvpKskMKcaqAQi",
"target": "192.168.1.1",
"runTime": "2.34 seconds",
"date": "2021-02-28"
}
,
{
"id": "IuJmIHyFwwFdIKJMvhdzW",
"target": "192.168.1.1",
"runTime": "2.34 seconds",
"date": "2021-02-28"
}
,
{
"id": "KyDYmQcvGiRwvHJCNlwvF",
"target": "192.168.1.1",
"runTime": "2.33 seconds",
"date": "2021-02-28"
}
,
{
"id": "KtuDiWAPWlKdkIVitwFBU",
"target": "192.168.1.1",
"runTime": "2.25 seconds",
"date": "2021-02-28"
}
,
{
"id": "jmuuNynwBDgrDPObSFuLu",
"target": "192.168.1.1",
"runTime": "2.21 seconds",
"date": "2021-02-28"
}
]