[
    {
        "id": "",
        "cm": "",
        "target": "",
        "targetForSelect": "",
        "date": "",
        "time": "",
        "upHost": "",
        "runTime": "",
        "latency": "",
        "notShown": "",
        "os": "",
        "uptime": "",
        "deviceType": "",
        "rawPacket": "",
        "rcvd": "",
        "scanMode": "",
        "hop": "",
        "macAddr": "",
        "difficulty": "",
        "auto": "",
        "cveDetect": "",
        "setRange": "",
        "flags": "",
        "nmapVer": ""
    }

,{
"id": "ruDdYMRlcpymMchTZzJFJ",
"cm": "nmap192.168.1.1; with scan mode: topOneHundredScanMode",
"target": "192.168.1.1",
"targetForSelect": "192.168.1.1",
"date": "2021-02-26",
"time": "11:10 HKT",
"upHost": "1 host up",
"runTime": "0.29 seconds",
"latency": "0.0044s ",
"notShown": "95 closed ports",
"os": "",
"uptime": "",
"deviceType": "",
"rawPacket": "",
"rcvd": "",
"scanMode": "Top One Hundred Scan Mode",
"hop": "",
"macAddr": "",
"difficulty": "",
"auto": "False",
"cveDetect": "False",
"setRange": "Target have no range",
"flags": "",
"nmapVer": "7.91"
}
,{
"id": "wzWSaCvLiFghaXkTcLxCS",
"cm": "nmap192.168.1.1; with scan mode: topOneHundredScanMode",
"target": "192.168.1.1",
"targetForSelect": "192.168.1.1",
"date": "2021-02-26",
"time": "11:13 HKT",
"upHost": "1 host up",
"runTime": "0.24 seconds",
"latency": "0.0027s ",
"notShown": "95 closed ports",
"os": "",
"uptime": "",
"deviceType": "",
"rawPacket": "",
"rcvd": "",
"scanMode": "Top One Hundred Scan Mode",
"hop": "",
"macAddr": "",
"difficulty": "",
"auto": "False",
"cveDetect": "False",
"setRange": "Target have no range",
"flags": "",
"nmapVer": "7.91"
}
,{
"id": "SCHrdbVfxQfKtIqwsPJcn",
"cm": "nmap192.168.1.1; with scan mode: topOneHundredScanMode",
"target": "192.168.1.1",
"targetForSelect": "192.168.1.1",
"date": "2021-02-26",
"time": "11:14 HKT",
"upHost": "1 host up",
"runTime": "0.21 seconds",
"latency": "0.0018s ",
"notShown": "95 closed ports",
"os": "",
"uptime": "",
"deviceType": "",
"rawPacket": "",
"rcvd": "",
"scanMode": "Top One Hundred Scan Mode",
"hop": "",
"macAddr": "",
"difficulty": "",
"auto": "False",
"cveDetect": "False",
"setRange": "Target have no range",
"flags": "",
"nmapVer": "7.91"
}
,{
"id": "fWhdMxLFQjsqmAKORTNWr",
"cm": "nmapscanme.nmap.org; with scan mode: fullPortsScanMode",
"target": "scanme.nmap.org",
"targetForSelect": "scanme.nmap.org",
"date": "2021-02-26",
"time": "11:51 HKT",
"upHost": "1 host up",
"runTime": "2186.14 seconds",
"latency": "0.16s ",
"notShown": "65436 closed ports",
"os": "",
"uptime": "",
"deviceType": "",
"rawPacket": "",
"rcvd": "",
"scanMode": "Full Ports Scan Mode",
"hop": "",
"macAddr": "",
"difficulty": "",
"auto": "False",
"cveDetect": "False",
"setRange": "Target have no range",
"flags": "",
"nmapVer": "7.91"
}
,{
"id": "atZeZzZzvpKskMKcaqAQi",
"cm": "nmap192.168.1.1; with scan mode: Top 100 Ports Scan Mode",
"target": "192.168.1.1",
"targetForSelect": "192.168.1.1",
"date": "2021-02-28",
"time": "15:52 HKT",
"upHost": "1 host up",
"runTime": "2.34 seconds",
"latency": "0.0030s ",
"notShown": "993 closed ports",
"os": "",
"uptime": "",
"deviceType": "",
"rawPacket": "",
"rcvd": "",
"scanMode": "Top 100 Ports Scan Mode",
"hop": "",
"macAddr": "",
"difficulty": "",
"auto": "False",
"cveDetect": "False",
"setRange": "Target have no range",
"flags": "",
"nmapVer": "7.91"
}
,{
"id": "IuJmIHyFwwFdIKJMvhdzW",
"cm": "nmap192.168.1.1; with scan mode: Top 100 Ports Scan Mode",
"target": "192.168.1.1",
"targetForSelect": "192.168.1.1",
"date": "2021-02-28",
"time": "15:53 HKT",
"upHost": "1 host up",
"runTime": "2.34 seconds",
"latency": "0.0018s ",
"notShown": "993 closed ports",
"os": "",
"uptime": "",
"deviceType": "",
"rawPacket": "",
"rcvd": "",
"scanMode": "Top 100 Ports Scan Mode",
"hop": "",
"macAddr": "",
"difficulty": "",
"auto": "False",
"cveDetect": "False",
"setRange": "Target have no range",
"flags": "",
"nmapVer": "7.91"
}
,{
"id": "KyDYmQcvGiRwvHJCNlwvF",
"cm": "nmap192.168.1.1; with scan mode: Top 100 Ports Scan Mode",
"target": "192.168.1.1",
"targetForSelect": "192.168.1.1",
"date": "2021-02-28",
"time": "15:54 HKT",
"upHost": "1 host up",
"runTime": "2.33 seconds",
"latency": "0.0069s ",
"notShown": "993 closed ports",
"os": "",
"uptime": "",
"deviceType": "",
"rawPacket": "",
"rcvd": "",
"scanMode": "Top 100 Ports Scan Mode",
"hop": "",
"macAddr": "",
"difficulty": "",
"auto": "False",
"cveDetect": "False",
"setRange": "Target have no range",
"flags": "",
"nmapVer": "7.91"
}
,{
"id": "KtuDiWAPWlKdkIVitwFBU",
"cm": "nmap192.168.1.1; with scan mode: Top 100 Ports Scan Mode",
"target": "192.168.1.1",
"targetForSelect": "192.168.1.1",
"date": "2021-02-28",
"time": "15:56 HKT",
"upHost": "1 host up",
"runTime": "2.25 seconds",
"latency": "0.0088s ",
"notShown": "993 closed ports",
"os": "",
"uptime": "",
"deviceType": "",
"rawPacket": "",
"rcvd": "",
"scanMode": "Top 100 Ports Scan Mode",
"hop": "",
"macAddr": "",
"difficulty": "",
"auto": "False",
"cveDetect": "False",
"setRange": "Target have no range",
"flags": "",
"nmapVer": "7.91"
}
,{
"id": "jmuuNynwBDgrDPObSFuLu",
"cm": "nmap192.168.1.1; with scan mode: Top 100 Ports Scan Mode",
"target": "192.168.1.1",
"targetForSelect": "192.168.1.1",
"date": "2021-02-28",
"time": "15:58 HKT",
"upHost": "1 host up",
"runTime": "2.21 seconds",
"latency": "0.0035s ",
"notShown": "993 closed ports",
"os": "",
"uptime": "",
"deviceType": "",
"rawPacket": "",
"rcvd": "",
"scanMode": "Top 100 Ports Scan Mode",
"hop": "",
"macAddr": "",
"difficulty": "",
"auto": "False",
"cveDetect": "False",
"setRange": "Target have no range",
"flags": "",
"nmapVer": "7.91"
}
]