{"alwaysOnTop":false,"backgroundColor":null,"basicAuthPassword":null,"basicAuthUsername":null,"bounce":false,"clearCache":false,"counter":false,"darwinDarkModeSupport":false,"disableContextMenu":true,"disableDevTools":true,"disableGpu":false,"diskCacheSize":null,"enableEs3Apis":false,"fastQuit":false,"flashPluginDir":null,"fullScreen":false,"globalShortcuts":null,"height":723,"ignoreCertificate":false,"ignoreGpuBlacklist":false,"insecure":false,"internalUrls":null,"blockExternalUrls":false,"maxHeight":723,"maximize":true,"maxWidth":1093,"minHeight":723,"minWidth":1093,"name":"ChiNmap","nativefierVersion":"11.0.2","proxyRules":null,"showMenuBar":false,"singleInstance":false,"targetUrl":"http://localhost:3001/","titleBarStyle":null,"tray":false,"userAgent":"Mozilla/5.0 (Windows NT 10.0; Win64; x64) AppleWebKit/537.36 (KHTML, like Gecko) Chrome/87.0.4280.67 Safari/537.36","width":1093,"win32metadata":{"ProductName":"ChiNmap","InternalName":"ChiNmap","FileDescription":"ChiNmap"},"zoom":1}