[
    {
        "profile": [
            {
                "name": "testing",
                "des": "testffff",
                "freq": 4,
                "tcp": "",
                "nonTcp": ""
            }
        ],
        "ping": [
            {
                "flags": ""
            }
        ],
        "nse": [
            {
                "flags": ""
            }
        ],
        "target": [
            {
                "flags": ""
            }
        ],
        "source": [
            {
                "flags": ""
            }
        ],
        "timing": [
            {
                "flags": ""
            }
        ],
        "other": [
            {
                "flags": ""
            }
        ]
    },
    {
        "profile": [
            {
                "name": "123",
                "des": "s",
                "freq": 4,
                "tcp": "",
                "nonTcp": ""
            }
        ],
        "ping": [
            {
                "flags": ""
            }
        ],
        "nse": [
            {
                "flags": ""
            }
        ],
        "target": [
            {
                "flags": ""
            }
        ],
        "source": [
            {
                "flags": ""
            }
        ],
        "timing": [
            {
                "flags": ""
            }
        ],
        "other": [
            {
                "flags": ""
            }
        ]
    }
]