[
    {
        "cardInfo": [
            {
                "name": "Ping Scan Mode",
                "link": "/pingScanMode",
                "value": "pingScanMode",
                "des": "This mode will not do a port scan after host discovery, and only print out the available hosts that responded to the host discovery probes."
            }
        ],
        "command": "nmap -v -sU -sT -p -U:161, T:80 -T0 + [ Target IP / Domain ]",
        "settings": [
            {
                "freq": 4,
                "flags": [
                    {
                        "flag": "-v",
                        "des": "des"
                    },
                    {
                        "flag": "-Pn",
                        "des": "des"
                    }
                ]
            }
        ]
    },
    {
        "cardInfo": [
            {
                "name": "Lightning Scan Mode",
                "link": "/lightningScanMode",
                "value": "lightningScanMode",
                "des": "Lightning scan mode able to check specific ports in a rapid way that user can see if the target is scannable or not."
            }
        ],
        "command": "nmap ",
        "settings": [
            {
                "freq": 4,
                "flags": [
                    {
                        "flag": "-v",
                        "des": "des"
                    },
                    {
                        "flag": "-Pn",
                        "des": "des"
                    }
                ]
            }
        ]
    },
    {
        "cardInfo": [
            {
                "name": "Intense Scan Mode",
                "link": "/intenseScanMode",
                "value": "intenseScanMode",
                "des": "Intense scan mode is capable of getting the information of the target's OS, services version and tracing the target router in one command."
            }
        ],
        "command": "nmap ",
        "settings": [
            {
                "freq": 4,
                "flags": [
                    {
                        "flag": "-v",
                        "des": "des"
                    },
                    {
                        "flag": "-Pn",
                        "des": "des"
                    }
                ]
            }
        ]
    },
    {
        "cardInfo": [
            {
                "name": "Top 100 Ports Scan Mode",
                "link": "/top100PortsScanMode",
                "value": "topOneHundredScanMode",
                "des": "Top 100 Ports scan mode will show the top 100 poplar ports, such as DNS, SMTP or HTTP. This mode can dramatically speed up scanning while still representing the majority of commonly used ports."
            }
        ],
        "command": "nmap ",
        "settings": [
            {
                "freq": 4,
                "flags": [
                    {
                        "flag": "-v",
                        "des": "des"
                    },
                    {
                        "flag": "-Pn",
                        "des": "des"
                    }
                ]
            }
        ]
    },
    {
        "cardInfo": [
            {
                "name": "Non-Ping Scan Mode",
                "link": "/nonPingScanMode",
                "value": "nonPingScanMode",
                "des": "Non-Ping scan mode is specifically aim for checking the target is alive or down."
            }
        ],
        "command": "nmap ",
        "settings": [
            {
                "freq": 4,
                "flags": [
                    {
                        "flag": "-v",
                        "des": "des"
                    },
                    {
                        "flag": "-Pn",
                        "des": "des"
                    }
                ]
            }
        ]
    },
    {
        "cardInfo": [
            {
                "name": "Full Ports Scan Mode",
                "link": "/fullPortsScanMode",
                "value": "fullPortsScanMode",
                "des": "This mode is able to check every single port of a pc, however, it requires a while of time."
            }
        ],
        "command": "nmap ",
        "settings": [
            {
                "freq": 4,
                "flags": [
                    {
                        "flag": "-v",
                        "des": "des"
                    },
                    {
                        "flag": "-Pn",
                        "des": "des"
                    }
                ]
            }
        ]
    }
]